{
    "profile": "Profile",
    "home": "Home",
    "about_us": "About Us",
    "booking_history": "Booking History",
    "logout": "Logout",
    "notification_title": "GrabCab Notification",
    "select_reason": "Select Cancellation Reason",
    "no_cancel_reason": "No cancel reasons available.",
    "ok": "OK",
    "cancel": "Cancel",
    "select_country": "Select Country",
    "google_places_error": "Place ID to Location Error",
    "no_bookings": "No bookings available.",
    "booking_cancelled": "Booking is cancelled. ID : ",
    "no_cars": "No cars available.",
    "firstname": "First Name",
    "lastname": "Last Name",
    "email": "Email",
    "phone": "Phone",
    "password": "Password",
    "otp": "OTP :",
    "profile_updated": "Profile Updated.",
    "proper_email": "Please enter email properly.",
    "submit": "Submit",
    "booking_title": "My Bookings",
    "booking_id": "Booking ID",
    "booking_date": "Booking Date",
    "car_type": "Car Type",
    "pickup_address": "Pickup Address",
    "drop_address": "Drop address",
    "booking_status": "Booking Status",
    "trip_cost": "Trip Cost",
    "payment_status": "Payment Status",
    "cancel_booking": "Cancel Booking",
    "select_car": "Select Car Type",
    "book_now": "Book Now",
    "book_later": "Book Later",
    "book": "Book",
    "select_proper": "Please select properly.",
    "must_login": "Please Login for Booking",
    "pickup_location": "Pickup Location",
    "drop_location": "Drop Location",
    "booking_success": "Booking successful. Booking Id : ",
    "myaccount": "My Account",
    "login_signup": "Login / Sign Up",
    "login_validate_error": "Email or Password is not correct.",
    "otp_validate_error": "OTP is not valid",
    "reset_pass_msg": "Reset password link sent to email.",
    "login": "Login",
    "register": "Register",
    "get_otp": "Get OTP",
    "verify_otp": "Verify OTP",
    "complete_registration": "Complete Registration",
    "forgot_pass_title": "Forgot Password",
    "forgot_pass_description": "Fill up your email address and request. Link will be sent on your email inbox.",
    "reset_password": "Reset Password",
    "email_tab": "Email Login",
    "phone_tab": "Phone Login",
    "booking_date_time": "Booking Data Time",
    "past_booking_error": "Ride Later is not avaialable for Past Datetime or within next 15 mins.",
    "settings_error": "Unable to fetch settings.",
    "estimate": "Fare Estimate",
    "auth_error": "Auth Error: Please check your entered credentials",
    "email_verify_message": "Please verify your email. Email is already sent to your Inbox.",
    "trip_start_time": "Trip start Time",
    "trip_end_time": "Trip End Time",
    "customer_name": "Customer Name",
    "vehicle_no": "Vehicle Number",
    "assign_driver": "Assign Driver",
    "discount_ammount": "Discount Amount",
    "payment_mode": "Payment Mode",
    "image": "Image",
    "name": "Name",
    "rate_per_km": "Rate Per Kilometer",
    "rate_per_hour": "Rate Per Hour",
    "min_fare": "Minimum Fare",
    "convenience_fee": "Convenience Fees",
    "convenience_fee_percent": "Convenience Fees (%)",
    "today_text": "Today",
    "gross_earning": "Gross Earnings",
    "this_month_text": "Month",
    "total": "Total",
    "real_time_driver_section_text": "Drivers Realtime",
    "allow_location": "Allow Location for the Realtime Map",
    "device_type": "Device Type",
    "user_type": "User Type",
    "title": "Title",
    "body": "Body",
    "push_notification_title": "Push Notifications",
    "promo_name": "Promo Name",
    "description": "Description",
    "promo_discount_value": "Promo Value",
    "max_limit": "Max Discount Allowed",
    "min_limit": "Minimum Order Value",
    "start_date": "Start Date",
    "end_date": "End Date",
    "promo_usage": "Promo Count Available",
    "promo_used_by": "Promo Used By Count",
    "promo_offer": "Promo and Offers",
    "referral_bonus": "Referral Bonus",
    "update_failed": "Update Failed",
    "first_name": "First Name",
    "last_name": "Last Name",
    "mobile": "Mobile Number",
    "profile_image": "Profile Image",
    "account_approve": "Account Approved",
    "driver_active": "Driver Active Status",
    "lisence_image": "License Image",
    "wallet_balance": "Wallet Balance",
    "signup_via_referral": "Signup Via Referral",
    "referralId": "Referral Id",
    "no_user_match": "No Users Matched",
    "dashboard_text": "Dashboard",
    "user": "Users",
    "promo": "Promos",
    "driver_earning": "Driver Earning History",
    "earning_amount": "Earning Amount",
    "driver_name": "Driver Name",
    "months": "Months",
    "year": "Years",
    "vehicle_type": "Vehicle Number",
    "trip_cost_driver_share": "Driver share",
    "Gross_trip_cost": "Gross trip cost",
    "Discounts": "Discounts",
    "Customer_paid": "Customer paid",
    "Profit": "Profit",
    "earning_reports": "Earning Reports",
    "cash_payment_amount": "Cash payment amount",
    "card_payment_amount": "Card payment amount",
    "wallet_payment_amount": "Wallet payment amount",
    "payment_gateway": "Payment Gateway",
    "currency_symbol": "Currency Symbol",
    "currency_code": "Currency Code",
    "settings_title": "Settings",
    "settings_label1": "Cash",
    "settings_label2": "Wallet",
    "settings_label3": "Booking OTP",
    "settings_label4": "Driver Approval",
    "settings_label5": "Email Verification Mandatory",
    "payment_modes_title": "Payment Modes",
    "queue": "Busy",
    "createdAt": "Create Date",
    "security_title": "Security Settings",
    "panic_num": "Panic Dial Number",
    "addbookinglable": "Add Bookings",
    "select_user": "Select User",
    "email_placeholder": "Email",
    "password_placeholder": "Password",
    "login_button": "Login",
    "forgot_password_link": "Forgot or Reset Password?",
    "forgot_password_confirm": "Are you sure you want to reset password?",
    "password_blank_messege": "Password cannot be blank.",
    "password_alphaNumeric_check": "Password must consists of at least 1 alphanumeric characters and 8-15 length.",
    "password_complexity_check": "Password must be atleast 1 small-case letter, 1 Capital letter, 1 digit, 1 special character and 6-10 length.",
    "valid_email_check": "Please enter a valid email address.",
    "apple_signin_error": "Apple Signin is not set up in developer.appple.com or you have used the same email to signup already.",
    "facebook_login_auth_error": "Facebook Login Error:",
    "registration_title": "Registration",
    "first_name_placeholder": "First Name",
    "last_name_placeholder": "Last Name",
    "mobile_login_title": "Login with Mobile",
    "mobile_no_placeholder": "Mobile Number",
    "mobile_no_blank_error": "Please enter a valid mobile number.",
    "otp_here": "Please enter OTP here",
    "authorize": "Authorize",
    "request_otp": "Request OTP",
    "spacer_message": "OR CONNECT WITH",
    "confrim_password_placeholder": "Confirm Password",
    "confrim_password_not_match_err": "Password and Confirm Password do not match",
    "referral_id_placeholder": "Referral Id (Optional)",
    "register_button": "Register Now",
    "book_your_ride_menu": "Book Your Ride",
    "profile_setting_menu": "Profile Settings",
    "my_wallet_menu": "My Wallet",
    "my_rides_menu": "My Rides",
    "about_us_menu": "About Us",
    "yes": "Yes",
    "no": "No",
    "delete_account_modal_title": "Confrmation",
    "delete_account_modal_subtitle": "Do you want to delete your account ?",
    "profile_page_title": "My Profile",
    "profile_page_subtitle": "Profile Details",
    "delete_account_lebel": "Delete Account",
    "update_button": "Update Now",
    "update_profile_title": "Upadate Profile",
    "map_screen_where_input_text": "Where From ?",
    "map_screen_drop_input_text": "Drop Where ?",
    "driver_finding_alert": "Finding Drivers for you",
    "no_driver_found_alert_title": "Alert!",
    "no_driver_found_alert_messege": "Sorry,No Drivers found right now.Please try again later",
    "no_driver_found_alert_OK_button": "OK",
    "no_driver_found_alert_TRY_AGAIN_button": "Try Again",
    "drop_location_blank_error": "Select drop location",
    "car_type_blank_error": "Select car type",
    "congratulation": "Congratulations!",
    "map_screen_title": "Home",
    "cab_selection_subtitle": "Tap to select car type and book now",
    "not_available": "Not Available",
    "book_now_button": "Book Now",
    "my_wallet_tile": "My Wallet",
    "wallet_ballance": "Wallet Balance",
    "add_money": "Add Money",
    "transaction_history_title": "Wallet Transaction History",
    "Transaction_Id": "Transaction Id ",
    "ride_list_title": "My Rides",
    "no_car_assign_text": "No car assign",
    "not_found_text": "Not Found",
    "ride_details_page_title": "My Rides Details",
    "you_rated_text": "Driver Rating",
    "car_no_not_found": "Car number not assigned",
    "bill_details_title": "Bill Details",
    "your_trip": "Your Trip",
    "discount": "Discount",
    "promo_apply": "(Promo Apply)",
    "grand_total": "Grand Total",
    "paynow_button": "Pay Now",
    "booked_cab_title": "Booked Cab",
    "driver_assign_messege": "Driver will Assign Soon..",
    "cancel_ride": "Cancel Ride",
    "rider_cancel_text": "Ride Cancel",
    "submit_rating": "SUBMIT RATING",
    "cancel_messege1": "Your ride with Booking Id",
    "cancel_messege2": "has been cancelled successfully",
    "dont_cancel_text": "Don't Cancel",
    "cancel_reason_modal_title": "What's Cancel Reason",
    "chat_title": "Chat",
    "send_button_text": "Send",
    "chat_input_title": "Type something nice...",
    "chat_not_found": "No chat history found",
    "no_details_error": "Please fill up all the details properly.",
    "success_payment": "Payment done sucessfully.",
    "your_promo": "Your promo",
    "promo_exp": "Sorry! Promo code and Promo usage limit has expired.",
    "promo_limit": "Sorry! Promo usage limit over.",
    "promo_eligiblity": "SORRY! you are not eligible for this promo.",
    "payment": "Payment",
    "bill_details": "Bill Details",
    "apply_promo": "Apply Promo",
    "remove_promo": "Remove Promo",
    "apply": "APPLY",
    "driver_near": "Driver Near You",
    "your_fare": "Your Fare",
    "promo_discount": "Promo Discount",
    "wallet_discount": "Wallet Discount",
    "payable_ammount": "Payable Amount",
    "use_wallet_balance": "Use Wallet Cash (Your balance is ",
    "pay_cash": "Pay with Cash",
    "thanks": "Thanks For Rating",
    "skip": "Skip",
    "receipt": "Receipt",
    "rate_ride": "PLEASE RATE YOUR RIDE",
    "new_booking_notification": "You Have A New Booking Request",
    "total_fare": "Total Fare",
    "confrim_booking": "Confirm Booking",
    "estimate_fare_text": "This is your Estimate fare only",
    "min_order_value": "Minimum order value-",
    "add_money_tile": "Add Money",
    "addMoneyTextInputPlaceholder": "Add Amount",
    "payWithCard": "Pay With Card",
    "CardPaymentAmount": "Pay by card -",
    "CashPaymentAmount": "Pay by cash -",
    "WalletPayment": "Pay by wallet -",
    "pay_mode": "Payment Mode",
    "Balance": "GrabCab Balance",
    "android_channel": "GrabCab Notifications",
    "terms": "Privacy Policy",
    "panic_text": "Panic Call",
    "panic_question": "Do you really want to make a Panic Call?",
    "email_login": "Login with Email",
    "register_email": "Register with Email",
    "book_later_button": "Book Later",
    "alert": "Alert",
    "country_blank_error": "Please select the country",
    "downloading_updates": "Downloading Updates...",
    "checking_updates": "Checking For Updates...",
    "fetching_data": "Fetching Data...",
    "loading_assets": "Loading Assets...",
    "vehicle_model_name": "Vehicle Make / Brand Name",
    "vehicle_model_no": "Vehicle Model No",
    "vehicle_reg_no": "Vehicle Registration / Plate Number",
    "upload_driving_license": "Upload your Driving License",
    "other_info": "Other Vehicle or Driver Info",
    "image_size_warning": "(Image size: Max 2 MB)",
    "forgot_password": "Forgot Password?",
    "enter_code": "Enter the code",
    "booking_request": "Booking Requests",
    "driver_journey_msg": "Driver started your ride. Your booking id is ",
    "start_trip": "START TRIP",
    "accept_booking_request": " accepted your booking request.",
    "ignore_text": "Ignore",
    "modal_close": "Modal has been closed.",
    "alert_text": "Alert",
    "ignore_job_title": "Do you want to ignore this job?",
    "accept": "Accept",
    "task_list": "Driver Home",
    "rider_not_here": "NO RIDE REQUESTS AT THE MOMENT",
    "service_off": "YOU SERVICE STATUS IS 'OFF'",
    "driver_completed_ride": "You have reached destination. Please complete the payment.",
    "complete_ride": "COMPLETE RIDE",
    "request_payment": "Request Payment",
    "chat_blank": "please write something...",
    "driver": "Driver",
    "active_status": "Active Status",
    "go_to_booking": "Go to Booking",
    "not_valid_user_type": "Usertype is not valid.",
    "usertype": "User Type",
    "success": "Success",
    "no_provider_found": "No Payment Providers Found",
    "provider_fetch_error": "Unable to fetch payment providers",
    "wallet_updated": "Wallet Updated Sucessfully.",
    "place_to_coords_error": "Place to Coordinate error. Please try again.",
    "rider": "Rider",
    "camera_permission_error": "Camera Permisison Error",
    "proper_input": "Please input all the fields properly.",
    "bankAccount": "Bank Account",
    "bankCode": "Bank Code",
    "bankName": "Bank Name",
    "require_approval": "Your account requires approval from Admin",
    "referer_not_found": "Referer Id not found",
    "image_upload_error": "Image upload error",
    "location_permission_error": "Location Permission Error",
    "no_tasks": "No tasks found for driver",
    "active_booking": "ACTIVE BOOKING",
    "close": "Close",
    "searching": "Searching",
    "location_fetch_error": "Location fetch error",
    "driver_cancelled_booking": "DRIVER CANCELLED BOOKING",
    "cancel_confirm": "Do you want really cancel?",
    "navigation_available": "Map Navigation is only available when booking is ACCEPTED or STARTED",
    "location_error": "Unable to get your location",
    "chat_requested": ": Chat Message",
    "distance": "Distance",
    "total_time": "Total Time",
    "order_id": "OrderId ",
    "bookingPayment": "Booking Payment",
    "received_rating": "You received a X star rating",
    "withdraw": "Withdraw",
    "provider_not_found": "No Payment Providers Found.",
    "wallet_zero": "Wallet Balance 0.",
    "withdraw_money": "Withdraw Money",
    "amount": "Amount",
    "valid_amount": "Please enter a valid amount",
    "withdraw_below_zero": "Withdraw amount cannot be less than or equal to 0.",
    "withdraw_more": "Withdraw amount cannot be greater than Wallet Balance.",
    "credited": "Credited",
    "debited": "Debited",
    "withdrawn": "Withdrawn",
    "processed": "Processed",
    "processDate": "Process Date",
    "requestDate": "Request Date",
    "withdraws": "Withdraws",
    "process_withdraw": "Process Withdraw",
    "not_logged_in": "Not Logged In",
    "emergency": "Emergency",
    "search": "Search",
    "mobile_apps_on_store": "Mobile Apps available on App Stores",
    "about_us_content1": "GrabCab is a Taxi / Cab booking App. Exicube App Solutions(OPC) Pvt. Ltd. has designed it.",
    "about_us_content2": "We, at Exicube aspire to become the top notch organisation who will shape the future of Mobile Applications. GrabCab is a Taxi / Cab booking App like Uber and Lyft. It comes with a Rider cum Driver App and an Admin Portal. ",
    "privacy_policy": "Privacy Policy",
    "privacy_policy_para1": "Your privacy is important to us. It is Exicube App Solutions (OPC) Private Limited's policy to respect your privacy regarding any information we may collect from you across our website, https://exicube.com, and other sites we own and operate.",
    "privacy_policy_para2": "We only ask for personal information when we truly need it to provide a service to you. We collect it by fair and lawful means, with your knowledge and consent. We also let you know why we’re collecting it and how it will be used.",
    "privacy_policy_para3": "We only retain collected information for as long as necessary to provide you with your requested service. What data we store, we’ll protect within commercially acceptable means to prevent loss and theft, as well as unauthorised access, disclosure, copying, use or modification.",
    "privacy_policy_para4": "We don’t share any personally identifying information publicly or with third-parties, except when required to by law.",
    "privacy_policy_para5": "Our website may link to external sites that are not operated by us. Please be aware that we have no control over the content and practices of these sites, and cannot accept responsibility or liability for their respective privacy policies.",
    "privacy_policy_para6": "You are free to refuse our request for your personal information, with the understanding that we may be unable to provide you with some of your desired services.",
    "privacy_policy_para7": "Your continued use of our website will be regarded as acceptance of our practices around privacy and personal information. If you have any questions about how we handle user data and personal information, feel free to contact us.",
    "follow_twitter": "Follow us on Twitter",
    "follow_facebook": "Follow us on Facebook",
    "follow_instagram": "Follow us on Instagram",
    "wallet_balance_zero":"You Wallet Balance is 0. If you take Payment in Cash, the Admin Convenience Fee will get deducted from Wallet and your Wallet Balance will be in Negetive after the Ride. Negetive balance will restrict further Rides. You need to Recharge Wallet or Ask Admin for help.",
    "wallet_balance_negetive":"You Wallet Balance is NEGETIVE. Please recharge your Wallet.",
    "locationServiveTitle": "Location Update",
    "locationServiveBody": "Background location is running...",
    "disclaimer": "Disclaimer",
    "disclaimer_text": "This app collects location data to enable 'Search Vehicle Location', 'Travel Route and Navigation', 'Realtime Vehicle Movement', even when the app is closed or not in use.",
    "landing_slogan": "Best Cab Service in Town",
    "book_your_cab": "Book your Cab",
    "extra_info": "Extra Information",
    "push_error_1": "Failed to get push token for push notification!",
    "push_error_2": "Must use physical device for Push Notifications",
    "updated": "Updated",
    "demo_mode": "Restricted in Demo App.",
    "cancel_reason_1": "Unable to Contact Driver",
    "cancel_reason_2": "Cab is not moving in my direction",
    "cancel_reason_3": "My reason is not listed",
    "cancel_reason_4": "Driver denied duty",
    "cancel_reason_5": "Cab is taking long time",
    "setup_exists": "Setup is already done",
    "setup_done": "Setup done sucessfully",
    "payment_thanks": "Thank you for your payment.",
    "payment_of": "Your Payment of ",
    "was_successful": " was successful",
    "order_no": "Order No : ",
    "payment_cancelled": "Payment Cancelled",
    "payment_fail": "Your Payment Failed",
    "try_again": "Please try again.",
    "proper_bonus": "PLease enter proper bonus in numbers.", 
    "app_info": "Information",
    "NSLocationAlwaysUsageDescription": "This app uses the always location access in the background for improved pickups and dropoffs, customer support and safety purpose.",
    "NSLocationAlwaysAndWhenInUseUsageDescription": "This app uses the always location access in the background for improved pickups and dropoffs, customer support and safety purpose.",
    "NSLocationWhenInUseUsageDescription": "This app uses the location to find the Cabs near you.",
    "NSCameraUsageDescription": "This app uses the camera to take your profile picture.",
    "NSPhotoLibraryUsageDescription": "This app uses Photo Library for uploading your profile picture.",
    "advance_settings": "Advance Settings",
    "car_horn_repeat": "Repeat sound on new trip",
    "CompanyName": "Company Name",
    "CompanyWebsite": "Company Website",
    "TwitterHandle": "Twitter Page Link",
    "FacebookHandle": "Facebook Page Link",
    "InstagramHandle": "Instagram Page Link",
    "AppleStoreLink": "Apple Store Link",
    "PlayStoreLink": "Play Store Link",
    "NEW": "NEW",
    "ACCEPTED": "ACCEPTED",
    "ARRIVED": "ARRIVED",
    "STARTED": "STARTED",
    "REACHED": "REACHED",
    "PENDING": "PENDING",
    "PAID": "PAID",
    "COMPLETE": "COMPLETE",
    "CANCELLED": "CANCELLED",
    "riders": "Riders",
    "drivers": "Drivers",
    "fleetadmins": "Fleet Admins",
    "cancellation_reasons": "Cancellation Reasons",
    "reason":"Reason",
    "incomeText":"My Earnings",
    "thismonth":"This Month",
    "totalearning":"Total Earning",
    "km": "km",
    "mins": "mins",
    "add_to_wallet": "Add to Wallet",
    "register_as_driver":"Register as a Driver?",
    "user_exists": "User with same Email or Mobile number exists.",
    "account_create_successfully": "Account created successfully",
    "user_does_not_exists": "Mobile Number is not registered. Register User first.",
    "proper_input_name": "Enter proper name",
    "proper_input_vehicleno" : "Enter proper vehicle number",
    "proper_input_licenseimage" : "Upload proper License Image",
    "reg_error": "Error while Signup",
    "back":"BACK TO LOGIN",
    "user_issue_contact_admin":"No profile data found. Please contact Admin",
    "email_or_mobile_issue": "Please check your email id or mobile number"
}